,Date/Time,Lat,Lon,Base
0,9/1/2014 0:01:00,40.2201,-74.0021,B02512
1,9/1/2014 0:01:00,40.75,-74.0027,B02512
2,9/1/2014 0:03:00,40.7559,-73.9864,B02512
3,9/1/2014 0:06:00,40.745,-73.9889,B02512
4,9/1/2014 0:11:00,40.8145,-73.9444,B02512
5,9/1/2014 0:12:00,40.6735,-73.9918,B02512
6,9/1/2014 0:15:00,40.7471,-73.6472,B02512
7,9/1/2014 0:16:00,40.6613,-74.2691,B02512
8,9/1/2014 0:32:00,40.3745,-73.9999,B02512
9,9/1/2014 0:33:00,40.7633,-73.9773,B02512
10,9/1/2014 0:33:00,40.7467,-73.6131,B02512
11,9/1/2014 0:37:00,40.8105,-73.96,B02512
12,9/1/2014 0:38:00,40.679,-74.0111,B02512
13,9/1/2014 0:39:00,40.4023,-73.9839,B02512
14,9/1/2014 0:48:00,40.7378,-74.0395,B02512
15,9/1/2014 0:48:00,40.7214,-73.9884,B02512
16,9/1/2014 0:49:00,40.8646,-73.9081,B02512
17,9/1/2014 1:08:00,40.7398,-74.0061,B02512
18,9/1/2014 1:17:00,40.6793,-74.0116,B02512
19,9/1/2014 1:19:00,40.7328,-73.9875,B02512
20,9/1/2014 1:39:00,40.6743,-73.9334,B02512
21,9/1/2014 1:41:00,40.7638,-73.9962,B02512
22,9/1/2014 2:03:00,40.7638,-73.9811,B02512
23,9/1/2014 2:13:00,40.7415,-73.9975,B02512
24,9/1/2014 2:33:00,40.7445,-73.9855,B02512
25,9/1/2014 2:39:00,40.6614,-73.9409,B02512
26,9/1/2014 2:41:00,40.7494,-73.9946,B02512
27,9/1/2014 3:18:00,40.7529,-74.004,B02512
28,9/1/2014 4:01:00,41.0319,-74.1813,B02512
29,9/1/2014 4:06:00,40.7983,-73.9628,B02512
30,9/1/2014 4:20:00,40.6932,-73.943,B02512
31,9/1/2014 4:34:00,40.707,-74.0045,B02512
32,9/1/2014 5:02:00,40.7193,-73.9998,B02512
33,9/1/2014 5:11:00,40.7608,-73.9859,B02512
34,9/1/2014 5:12:00,40.8293,-73.9432,B02512
35,9/1/2014 5:16:00,40.7612,-73.9874,B02512
36,9/1/2014 5:25:00,40.7215,-73.9841,B02512
37,9/1/2014 5:29:00,40.7778,-73.9888,B02512
38,9/1/2014 5:45:00,40.7501,-74.0025,B02512
39,9/1/2014 5:55:00,40.7769,-73.9862,B02512
40,9/1/2014 5:56:00,40.7499,-73.9717,B02512
41,9/1/2014 6:04:00,40.7513,-73.935,B02512
42,9/1/2014 6:08:00,40.7291,-73.9813,B02512
43,9/1/2014 6:14:00,40.7674,-73.9841,B02512
44,9/1/2014 6:26:00,40.7414,-73.9983,B02512
45,9/1/2014 6:35:00,40.7685,-73.8626,B02512
46,9/1/2014 6:43:00,40.8298,-73.9719,B02512
47,9/1/2014 6:51:00,40.6878,-73.9562,B02512
48,9/1/2014 6:56:00,40.7686,-73.8626,B02512
49,9/1/2014 7:01:00,40.7878,-73.5375,B02512
50,9/1/2014 7:22:00,40.7636,-73.9911,B02512
51,9/1/2014 7:30:00,40.7364,-73.9966,B02512
52,9/1/2014 7:33:00,40.7593,-73.9752,B02512
53,9/1/2014 7:37:00,40.7955,-74.2537,B02512
54,9/1/2014 7:37:00,40.7303,-73.9998,B02512
55,9/1/2014 7:41:00,40.756,-73.9728,B02512
56,9/1/2014 7:58:00,40.7558,-73.9764,B02512
57,9/1/2014 8:05:00,40.7739,-73.8725,B02512
58,9/1/2014 8:11:00,40.6788,-73.9586,B02512
59,9/1/2014 8:13:00,40.6897,-73.9724,B02512
60,9/1/2014 8:19:00,40.7359,-73.9838,B02512
61,9/1/2014 8:21:00,40.7312,-74.0047,B02512
62,9/1/2014 8:25:00,40.7255,-74.01,B02512
63,9/1/2014 8:30:00,40.7344,-73.9859,B02512
64,9/1/2014 8:30:00,40.7878,-73.9537,B02512
65,9/1/2014 8:34:00,40.7666,-73.9903,B02512
66,9/1/2014 8:37:00,40.751,-74.0337,B02512
67,9/1/2014 8:40:00,40.764,-73.9793,B02512
68,9/1/2014 8:44:00,40.7173,-73.9499,B02512
69,9/1/2014 8:45:00,40.763,-73.9597,B02512
70,9/1/2014 8:53:00,40.7553,-73.973,B02512
71,9/1/2014 8:53:00,40.6874,-73.998,B02512
72,9/1/2014 8:57:00,40.8205,-73.9541,B02512
73,9/1/2014 8:57:00,40.7459,-73.9883,B02512
74,9/1/2014 8:57:00,40.7798,-74.0089,B02512
75,9/1/2014 8:59:00,40.695,-74.178,B02512
76,9/1/2014 8:59:00,40.695,-74.178,B02512
77,9/1/2014 9:04:00,40.7375,-73.9799,B02512
78,9/1/2014 9:04:00,40.722,-73.9882,B02512
79,9/1/2014 9:05:00,40.7277,-73.9895,B02512
80,9/1/2014 9:05:00,40.7457,-74.0261,B02512
81,9/1/2014 9:10:00,40.8449,-73.9371,B02512
82,9/1/2014 9:10:00,40.5896,-73.7384,B02512
83,9/1/2014 9:12:00,40.7644,-73.9958,B02512
84,9/1/2014 9:13:00,40.7275,-74.0386,B02512
85,9/1/2014 9:14:00,40.7556,-73.9818,B02512
86,9/1/2014 9:15:00,40.7215,-74.0045,B02512
87,9/1/2014 9:16:00,40.6917,-73.9425,B02512
88,9/1/2014 9:17:00,40.7557,-73.9923,B02512
89,9/1/2014 9:21:00,40.7202,-73.9962,B02512
90,9/1/2014 9:22:00,40.7324,-73.9971,B02512
91,9/1/2014 9:23:00,40.7435,-73.9757,B02512
92,9/1/2014 9:23:00,40.7739,-73.8717,B02512
93,9/1/2014 9:30:00,40.6211,-73.9903,B02512
94,9/1/2014 9:34:00,40.7894,-73.9754,B02512
95,9/1/2014 9:40:00,40.756,-73.9734,B02512
96,9/1/2014 9:40:00,40.7654,-73.9826,B02512
97,9/1/2014 9:42:00,40.7629,-73.9815,B02512
98,9/1/2014 9:42:00,40.7587,-73.9843,B02512
99,9/1/2014 9:43:00,40.774,-73.8722,B02512
100,9/1/2014 9:43:00,40.7868,-74.0096,B02512
101,9/1/2014 9:44:00,40.7493,-73.6195,B02512
102,9/1/2014 9:51:00,40.752,-73.9772,B02512
103,9/1/2014 9:54:00,40.7348,-73.9814,B02512
104,9/1/2014 9:56:00,40.7906,-73.9757,B02512
105,9/1/2014 9:58:00,40.7621,-73.9744,B02512
106,9/1/2014 9:58:00,40.7496,-73.9778,B02512
107,9/1/2014 10:02:00,41.016,-73.6678,B02512
108,9/1/2014 10:02:00,40.7619,-73.9685,B02512
109,9/1/2014 10:02:00,40.7382,-74.0073,B02512
110,9/1/2014 10:08:00,40.7555,-73.936,B02512
111,9/1/2014 10:09:00,40.6601,-74.1181,B02512
112,9/1/2014 10:10:00,40.7694,-73.881,B02512
113,9/1/2014 10:10:00,40.7824,-73.4439,B02512
114,9/1/2014 10:12:00,40.7587,-73.8918,B02512
115,9/1/2014 10:13:00,40.7188,-73.9987,B02512
116,9/1/2014 10:14:00,40.6872,-73.9616,B02512
117,9/1/2014 10:14:00,40.7667,-73.9973,B02512
118,9/1/2014 10:17:00,40.7577,-73.9882,B02512
119,9/1/2014 10:17:00,40.7602,-73.9668,B02512
120,9/1/2014 10:23:00,40.7272,-74.0061,B02512
121,9/1/2014 10:24:00,40.7759,-73.9612,B02512
122,9/1/2014 10:26:00,40.708,-74.0061,B02512
123,9/1/2014 10:28:00,40.7586,-73.9863,B02512
124,9/1/2014 10:34:00,40.7594,-73.9748,B02512
125,9/1/2014 10:35:00,40.7785,-73.9813,B02512
126,9/1/2014 10:37:00,40.7676,-73.9645,B02512
127,9/1/2014 10:38:00,40.7642,-73.886,B02512
128,9/1/2014 10:39:00,40.6467,-73.7894,B02512
129,9/1/2014 10:40:00,40.777,-73.9792,B02512
130,9/1/2014 10:42:00,40.8134,-73.9612,B02512
131,9/1/2014 10:42:00,40.7556,-73.9818,B02512
132,9/1/2014 10:51:00,40.6784,-73.9272,B02512
133,9/1/2014 10:52:00,40.9438,-74.0474,B02512
134,9/1/2014 10:53:00,40.7528,-73.9872,B02512
135,9/1/2014 10:56:00,40.7577,-73.9747,B02512
136,9/1/2014 10:57:00,40.7738,-73.8714,B02512
137,9/1/2014 10:58:00,40.7412,-74.006,B02512
138,9/1/2014 11:01:00,40.7545,-73.936,B02512
139,9/1/2014 11:02:00,40.7634,-73.9656,B02512
140,9/1/2014 11:02:00,40.7799,-73.9742,B02512
141,9/1/2014 11:05:00,40.7408,-73.9935,B02512
142,9/1/2014 11:06:00,40.68,-73.9582,B02512
143,9/1/2014 11:07:00,40.7828,-73.9772,B02512
144,9/1/2014 11:12:00,40.817,-73.9414,B02512
145,9/1/2014 11:14:00,40.762,-73.9742,B02512
146,9/1/2014 11:18:00,40.7707,-73.9633,B02512
147,9/1/2014 11:18:00,40.7555,-73.9814,B02512
148,9/1/2014 11:20:00,40.7688,-74.0192,B02512
149,9/1/2014 11:20:00,40.7383,-73.9948,B02512
150,9/1/2014 11:22:00,40.7236,-73.9965,B02512
151,9/1/2014 11:23:00,40.672,-73.996,B02512
152,9/1/2014 11:24:00,40.7249,-74.0354,B02512
153,9/1/2014 11:24:00,40.7249,-74.0354,B02512
154,9/1/2014 11:24:00,40.7537,-73.9948,B02512
155,9/1/2014 11:30:00,40.7652,-73.9797,B02512
156,9/1/2014 11:31:00,40.6945,-73.9985,B02512
157,9/1/2014 11:31:00,40.7735,-73.9792,B02512
158,9/1/2014 11:32:00,40.7528,-73.9852,B02512
159,9/1/2014 11:33:00,40.762,-74.0454,B02512
160,9/1/2014 11:33:00,40.6447,-73.7824,B02512
161,9/1/2014 11:36:00,40.7698,-73.9547,B02512
162,9/1/2014 11:37:00,40.7642,-73.9712,B02512
163,9/1/2014 11:42:00,40.746,-73.9724,B02512
164,9/1/2014 11:44:00,40.7638,-73.8283,B02512
165,9/1/2014 11:46:00,40.8054,-73.941,B02512
166,9/1/2014 11:46:00,40.7282,-73.9966,B02512
167,9/1/2014 11:46:00,40.7252,-73.9506,B02512
168,9/1/2014 11:46:00,40.7739,-73.8713,B02512
169,9/1/2014 11:47:00,40.7347,-74.0095,B02512
170,9/1/2014 11:51:00,40.7831,-73.9743,B02512
171,9/1/2014 11:52:00,40.6877,-74.1823,B02512
172,9/1/2014 11:53:00,40.6784,-73.9494,B02512
173,9/1/2014 11:54:00,40.7384,-73.9998,B02512
174,9/1/2014 11:57:00,40.7502,-73.9947,B02512
175,9/1/2014 11:59:00,40.7473,-73.9721,B02512
176,9/1/2014 11:59:00,40.7461,-73.9821,B02512
177,9/1/2014 12:01:00,40.7088,-73.921,B02512
178,9/1/2014 12:01:00,40.7179,-74.0146,B02512
179,9/1/2014 12:05:00,40.7701,-73.9832,B02512
180,9/1/2014 12:07:00,40.7683,-73.9848,B02512
181,9/1/2014 12:08:00,40.7496,-73.9834,B02512
182,9/1/2014 12:10:00,40.74,-73.9897,B02512
183,9/1/2014 12:10:00,40.7625,-73.9756,B02512
184,9/1/2014 12:11:00,40.7703,-73.9601,B02512
185,9/1/2014 12:13:00,40.7315,-73.9924,B02512
186,9/1/2014 12:13:00,40.7187,-73.9987,B02512
187,9/1/2014 12:13:00,40.7586,-73.9869,B02512
188,9/1/2014 12:14:00,40.7543,-73.9741,B02512
189,9/1/2014 12:15:00,40.7253,-73.9872,B02512
190,9/1/2014 12:17:00,40.7385,-73.9806,B02512
191,9/1/2014 12:18:00,40.7516,-73.977,B02512
192,9/1/2014 12:18:00,40.7685,-73.9823,B02512
193,9/1/2014 12:19:00,40.7643,-73.9778,B02512
194,9/1/2014 12:22:00,40.7753,-73.9634,B02512
195,9/1/2014 12:23:00,40.7753,-73.9635,B02512
196,9/1/2014 12:23:00,40.7115,-74.0402,B02512
197,9/1/2014 12:25:00,40.7356,-73.9896,B02512
198,9/1/2014 12:26:00,40.7636,-73.9715,B02512
199,9/1/2014 12:28:00,40.7623,-73.9825,B02512
200,9/1/2014 12:28:00,40.7738,-73.8722,B02512
201,9/1/2014 12:29:00,40.6868,-74.1934,B02512
202,9/1/2014 12:30:00,40.7388,-73.996,B02512
203,9/1/2014 12:30:00,40.6722,-73.9434,B02512
204,9/1/2014 12:30:00,40.7214,-74.0409,B02512
205,9/1/2014 12:30:00,40.7214,-74.0409,B02512
206,9/1/2014 12:31:00,40.7146,-73.9988,B02512
207,9/1/2014 12:31:00,40.7517,-73.9937,B02512
208,9/1/2014 12:33:00,40.7397,-73.9872,B02512
209,9/1/2014 12:35:00,40.7706,-73.8653,B02512
210,9/1/2014 12:35:00,40.7276,-73.9872,B02512
211,9/1/2014 12:37:00,40.64,-73.9455,B02512
212,9/1/2014 12:39:00,40.8015,-73.969,B02512
213,9/1/2014 12:40:00,40.7202,-74.0102,B02512
214,9/1/2014 12:41:00,40.7181,-74.0151,B02512
215,9/1/2014 12:44:00,40.7705,-73.9668,B02512
216,9/1/2014 12:47:00,40.7501,-73.9878,B02512
217,9/1/2014 12:48:00,40.7259,-73.9793,B02512
218,9/1/2014 12:52:00,40.7749,-73.9885,B02512
219,9/1/2014 12:52:00,40.7108,-74.0053,B02512
220,9/1/2014 12:53:00,40.7737,-73.9815,B02512
221,9/1/2014 12:56:00,40.723,-74.0001,B02512
222,9/1/2014 12:57:00,40.7388,-74.0071,B02512
223,9/1/2014 12:58:00,40.7685,-73.8625,B02512
224,9/1/2014 13:04:00,40.7432,-74.0077,B02512
225,9/1/2014 13:05:00,40.727,-73.9856,B02512
226,9/1/2014 13:06:00,40.7636,-73.9754,B02512
227,9/1/2014 13:07:00,40.7739,-73.9608,B02512
228,9/1/2014 13:09:00,40.7999,-73.9688,B02512
229,9/1/2014 13:09:00,40.7032,-73.994,B02512
230,9/1/2014 13:11:00,40.6423,-73.7882,B02512
231,9/1/2014 13:11:00,40.7408,-74.0048,B02512
232,9/1/2014 13:14:00,40.6418,-73.7885,B02512
233,9/1/2014 13:15:00,40.7055,-74.0171,B02512
234,9/1/2014 13:18:00,40.7573,-73.9796,B02512
235,9/1/2014 13:20:00,40.7383,-73.9775,B02512
236,9/1/2014 13:23:00,40.7167,-73.9975,B02512
237,9/1/2014 13:24:00,40.7264,-74.0091,B02512
238,9/1/2014 13:25:00,40.6466,-73.7899,B02512
239,9/1/2014 13:26:00,40.8073,-73.9543,B02512
240,9/1/2014 13:27:00,40.7645,-73.9818,B02512
241,9/1/2014 13:29:00,40.7183,-73.9945,B02512
242,9/1/2014 13:31:00,40.69,-73.9899,B02512
243,9/1/2014 13:31:00,40.7706,-73.8654,B02512
244,9/1/2014 13:34:00,40.7819,-73.9794,B02512
245,9/1/2014 13:34:00,40.6918,-73.9152,B02512
246,9/1/2014 13:37:00,40.745,-73.8428,B02512
247,9/1/2014 13:38:00,40.7394,-74.0081,B02512
248,9/1/2014 13:39:00,40.7478,-73.9084,B02512
249,9/1/2014 13:40:00,40.7393,-73.9828,B02512
250,9/1/2014 13:42:00,40.6446,-73.7822,B02512
251,9/1/2014 13:43:00,40.7224,-73.9842,B02512
252,9/1/2014 13:43:00,40.7732,-73.9462,B02512
253,9/1/2014 13:47:00,40.7254,-74.0011,B02512
254,9/1/2014 13:52:00,40.7324,-73.9819,B02512
255,9/1/2014 13:52:00,40.7453,-73.842,B02512
256,9/1/2014 13:53:00,40.7629,-73.9686,B02512
257,9/1/2014 13:53:00,40.7499,-73.9933,B02512
258,9/1/2014 13:54:00,40.7593,-73.9958,B02512
259,9/1/2014 13:55:00,40.7329,-74.0021,B02512
260,9/1/2014 13:56:00,40.7251,-73.9781,B02512
261,9/1/2014 13:57:00,40.7388,-73.9855,B02512
262,9/1/2014 13:58:00,40.7757,-73.9467,B02512
263,9/1/2014 13:58:00,40.7503,-73.9946,B02512
264,9/1/2014 13:59:00,40.7677,-73.9836,B02512
265,9/1/2014 14:01:00,40.7078,-74.0061,B02512
266,9/1/2014 14:02:00,40.774,-73.8724,B02512
267,9/1/2014 14:08:00,40.7356,-73.9885,B02512
268,9/1/2014 14:09:00,40.7739,-73.8726,B02512
269,9/1/2014 14:11:00,40.8608,-73.9325,B02512
270,9/1/2014 14:11:00,40.7388,-73.998,B02512
271,9/1/2014 14:12:00,40.776,-73.9108,B02512
272,9/1/2014 14:12:00,40.7491,-73.9764,B02512
273,9/1/2014 14:14:00,40.8022,-73.9696,B02512
274,9/1/2014 14:14:00,40.742,-73.9895,B02512
275,9/1/2014 14:15:00,40.7401,-73.9933,B02512
276,9/1/2014 14:19:00,40.7741,-73.8726,B02512
277,9/1/2014 14:19:00,40.7632,-73.9265,B02512
278,9/1/2014 14:20:00,40.6446,-73.7824,B02512
279,9/1/2014 14:21:00,40.7778,-73.959,B02512
280,9/1/2014 14:23:00,40.7607,-73.724,B02512
281,9/1/2014 14:27:00,40.7685,-73.8627,B02512
282,9/1/2014 14:27:00,40.7215,-73.9989,B02512
283,9/1/2014 14:27:00,40.7676,-73.9823,B02512
284,9/1/2014 14:28:00,40.7569,-73.9889,B02512
285,9/1/2014 14:31:00,40.7653,-73.9694,B02512
286,9/1/2014 14:32:00,40.7324,-73.9894,B02512
287,9/1/2014 14:32:00,40.7103,-74.0105,B02512
288,9/1/2014 14:35:00,40.6418,-73.7883,B02512
289,9/1/2014 14:36:00,40.714,-74.0126,B02512
290,9/1/2014 14:39:00,40.7618,-73.9795,B02512
291,9/1/2014 14:39:00,40.6467,-73.7893,B02512
292,9/1/2014 14:39:00,40.7748,-73.9908,B02512
293,9/1/2014 14:39:00,40.7406,-74.0055,B02512
294,9/1/2014 14:42:00,40.7673,-73.8992,B02512
295,9/1/2014 14:43:00,40.7781,-73.9553,B02512
296,9/1/2014 14:43:00,40.7755,-73.9607,B02512
297,9/1/2014 14:43:00,40.7783,-73.9805,B02512
298,9/1/2014 14:45:00,40.7833,-73.98,B02512
299,9/1/2014 14:45:00,40.7707,-73.8656,B02512
300,9/1/2014 14:47:00,40.7215,-73.9884,B02512
301,9/1/2014 14:47:00,40.7753,-73.9535,B02512
302,9/1/2014 14:47:00,40.7706,-73.8655,B02512
303,9/1/2014 14:49:00,40.7226,-73.9809,B02512
304,9/1/2014 14:51:00,40.7822,-73.9761,B02512
305,9/1/2014 14:54:00,40.7752,-73.9636,B02512
306,9/1/2014 14:55:00,40.7752,-73.9591,B02512
307,9/1/2014 14:57:00,40.7028,-73.9161,B02512
308,9/1/2014 15:00:00,40.7614,-73.966,B02512
309,9/1/2014 15:06:00,40.7805,-73.9762,B02512
310,9/1/2014 15:08:00,40.7646,-73.9619,B02512
311,9/1/2014 15:08:00,40.8553,-73.4815,B02512
312,9/1/2014 15:09:00,40.7189,-73.9567,B02512
313,9/1/2014 15:09:00,40.7417,-73.9974,B02512
314,9/1/2014 15:13:00,40.7346,-73.9923,B02512
315,9/1/2014 15:14:00,40.7307,-73.9829,B02512
316,9/1/2014 15:14:00,40.6415,-73.789,B02512
317,9/1/2014 15:16:00,40.7184,-74.0105,B02512
318,9/1/2014 15:16:00,40.7489,-73.9757,B02512
319,9/1/2014 15:17:00,40.7183,-73.9941,B02512
320,9/1/2014 15:18:00,40.7202,-73.9991,B02512
321,9/1/2014 15:18:00,40.7452,-73.9941,B02512
322,9/1/2014 15:25:00,40.7209,-74.0016,B02512
323,9/1/2014 15:25:00,40.7549,-73.9841,B02512
324,9/1/2014 15:25:00,40.7685,-73.8624,B02512
325,9/1/2014 15:27:00,40.7201,-73.9951,B02512
326,9/1/2014 15:27:00,40.7366,-73.9552,B02512
327,9/1/2014 15:27:00,40.7449,-73.8433,B02512
328,9/1/2014 15:28:00,40.7327,-74.0049,B02512
329,9/1/2014 15:31:00,40.7439,-73.9919,B02512
330,9/1/2014 15:33:00,40.8019,-73.9652,B02512
331,9/1/2014 15:33:00,40.7439,-73.9925,B02512
332,9/1/2014 15:34:00,40.7231,-74.0026,B02512
333,9/1/2014 15:35:00,40.6447,-73.7825,B02512
334,9/1/2014 15:35:00,40.7369,-74.0078,B02512
335,9/1/2014 15:37:00,40.703,-73.9948,B02512
336,9/1/2014 15:37:00,40.7739,-73.8718,B02512
337,9/1/2014 15:40:00,40.7741,-73.872,B02512
338,9/1/2014 15:40:00,40.6461,-73.7769,B02512
339,9/1/2014 15:44:00,40.7664,-73.9782,B02512
340,9/1/2014 15:45:00,40.7366,-74.0013,B02512
341,9/1/2014 15:46:00,40.6854,-73.9749,B02512
342,9/1/2014 15:48:00,40.7564,-73.982,B02512
343,9/1/2014 15:51:00,40.7225,-74.0081,B02512
344,9/1/2014 15:52:00,40.7025,-73.9931,B02512
345,9/1/2014 15:53:00,40.7299,-74.0083,B02512
346,9/1/2014 15:53:00,40.6457,-73.7766,B02512
347,9/1/2014 15:54:00,40.6457,-73.7767,B02512
348,9/1/2014 15:54:00,40.7774,-73.9564,B02512
349,9/1/2014 15:55:00,40.6844,-73.9775,B02512
350,9/1/2014 15:56:00,40.7561,-73.9942,B02512
351,9/1/2014 15:58:00,40.7431,-74.0068,B02512
352,9/1/2014 15:58:00,40.7354,-73.983,B02512
353,9/1/2014 15:59:00,40.7631,-73.9843,B02512
354,9/1/2014 15:59:00,40.8045,-73.9673,B02512
355,9/1/2014 16:01:00,40.7518,-73.9927,B02512
356,9/1/2014 16:03:00,40.72,-73.9575,B02512
357,9/1/2014 16:03:00,40.6449,-73.7819,B02512
358,9/1/2014 16:05:00,40.7607,-73.9992,B02512
359,9/1/2014 16:08:00,40.6916,-74.1772,B02512
360,9/1/2014 16:08:00,40.7077,-74.0122,B02512
361,9/1/2014 16:09:00,40.749,-73.9722,B02512
362,9/1/2014 16:11:00,40.6468,-73.7892,B02512
363,9/1/2014 16:13:00,40.7598,-73.9778,B02512
364,9/1/2014 16:14:00,40.6805,-73.9495,B02512
365,9/1/2014 16:15:00,40.6869,-73.9581,B02512
366,9/1/2014 16:15:00,40.7544,-73.9956,B02512
367,9/1/2014 16:16:00,40.705,-74.0089,B02512
368,9/1/2014 16:17:00,40.7532,-73.9834,B02512
369,9/1/2014 16:17:00,40.7097,-74.0179,B02512
370,9/1/2014 16:17:00,40.7472,-73.9857,B02512
371,9/1/2014 16:18:00,40.7547,-73.9661,B02512
372,9/1/2014 16:18:00,40.7546,-73.846,B02512
373,9/1/2014 16:18:00,40.7579,-73.9888,B02512
374,9/1/2014 16:18:00,40.7886,-73.9526,B02512
375,9/1/2014 16:21:00,40.6486,-73.7839,B02512
376,9/1/2014 16:21:00,40.7498,-73.9832,B02512
377,9/1/2014 16:23:00,40.7779,-73.9523,B02512
378,9/1/2014 16:25:00,40.7482,-73.9806,B02512
379,9/1/2014 16:27:00,40.7747,-73.9826,B02512
380,9/1/2014 16:28:00,40.7489,-73.9759,B02512
381,9/1/2014 16:28:00,40.7222,-73.9968,B02512
382,9/1/2014 16:28:00,40.7829,-73.9711,B02512
383,9/1/2014 16:30:00,40.742,-74.004,B02512
384,9/1/2014 16:30:00,40.7635,-73.9777,B02512
385,9/1/2014 16:33:00,40.7553,-73.9835,B02512
386,9/1/2014 16:34:00,40.7448,-73.8435,B02512
387,9/1/2014 16:34:00,40.753,-73.9953,B02512
388,9/1/2014 16:39:00,40.7344,-73.9901,B02512
389,9/1/2014 16:41:00,40.7635,-73.9807,B02512
390,9/1/2014 16:42:00,40.703,-74.0116,B02512
391,9/1/2014 16:43:00,40.7381,-74.005,B02512
392,9/1/2014 16:43:00,40.668,-73.8014,B02512
393,9/1/2014 16:46:00,40.7198,-73.9562,B02512
394,9/1/2014 16:47:00,40.7824,-73.9762,B02512
395,9/1/2014 16:48:00,40.6447,-73.7819,B02512
396,9/1/2014 16:48:00,40.7547,-73.8455,B02512
397,9/1/2014 16:50:00,40.7478,-73.9887,B02512
398,9/1/2014 16:51:00,40.7209,-73.9948,B02512
399,9/1/2014 16:52:00,40.7547,-73.8461,B02512
400,9/1/2014 16:55:00,40.7327,-73.9875,B02512
401,9/1/2014 16:56:00,40.746,-74.0039,B02512
402,9/1/2014 16:56:00,40.7063,-74.0179,B02512
403,9/1/2014 17:01:00,40.753,-73.9966,B02512
404,9/1/2014 17:03:00,40.7686,-73.9556,B02512
405,9/1/2014 17:06:00,40.7512,-74.0065,B02512
406,9/1/2014 17:06:00,40.796,-73.6729,B02512
407,9/1/2014 17:06:00,40.688,-74.183,B02512
408,9/1/2014 17:06:00,40.7702,-73.8646,B02512
409,9/1/2014 17:07:00,40.7402,-73.9949,B02512
410,9/1/2014 17:10:00,40.7708,-73.866,B02512
411,9/1/2014 17:11:00,40.7167,-73.9975,B02512
412,9/1/2014 17:11:00,40.6951,-74.1783,B02512
413,9/1/2014 17:13:00,40.7483,-73.9797,B02512
414,9/1/2014 17:14:00,40.7105,-74.0177,B02512
415,9/1/2014 17:19:00,40.7568,-73.9674,B02512
416,9/1/2014 17:21:00,40.7409,-73.9805,B02512
417,9/1/2014 17:26:00,40.7627,-73.9963,B02512
418,9/1/2014 17:29:00,40.7808,-73.9728,B02512
419,9/1/2014 17:29:00,40.7349,-74.1647,B02512
420,9/1/2014 17:30:00,40.7617,-73.9717,B02512
421,9/1/2014 17:31:00,40.7399,-74.0061,B02512
422,9/1/2014 17:32:00,40.7345,-73.9978,B02512
423,9/1/2014 17:33:00,40.7145,-73.9447,B02512
424,9/1/2014 17:33:00,40.7122,-73.9513,B02512
425,9/1/2014 17:36:00,40.7333,-73.9873,B02512
426,9/1/2014 17:40:00,40.7444,-74.0083,B02512
427,9/1/2014 17:41:00,40.7078,-74.0063,B02512
428,9/1/2014 17:41:00,40.7314,-74.0067,B02512
429,9/1/2014 17:42:00,40.6483,-73.783,B02512
430,9/1/2014 17:43:00,40.7413,-73.9984,B02512
431,9/1/2014 17:43:00,40.7736,-73.9663,B02512
432,9/1/2014 17:44:00,40.7642,-73.9985,B02512
433,9/1/2014 17:46:00,40.728,-74.0433,B02512
434,9/1/2014 17:47:00,40.6875,-74.1905,B02512
435,9/1/2014 17:47:00,40.6875,-74.1905,B02512
436,9/1/2014 17:47:00,40.7683,-73.9883,B02512
437,9/1/2014 17:48:00,40.746,-74.0077,B02512
438,9/1/2014 17:48:00,40.7741,-73.8728,B02512
439,9/1/2014 17:52:00,40.7146,-73.9853,B02512
440,9/1/2014 17:53:00,40.6799,-73.9893,B02512
441,9/1/2014 17:55:00,40.7054,-74.0098,B02512
442,9/1/2014 17:56:00,40.7224,-74.0037,B02512
443,9/1/2014 18:03:00,40.721,-73.9977,B02512
444,9/1/2014 18:03:00,40.7641,-73.967,B02512
445,9/1/2014 18:04:00,40.7469,-73.996,B02512
446,9/1/2014 18:05:00,40.6864,-73.9686,B02512
447,9/1/2014 18:07:00,40.7451,-73.9768,B02512
448,9/1/2014 18:08:00,40.7267,-73.9769,B02512
449,9/1/2014 18:09:00,40.7659,-73.9771,B02512
450,9/1/2014 18:10:00,40.6553,-73.7264,B02512
451,9/1/2014 18:13:00,40.7529,-74.03,B02512
452,9/1/2014 18:15:00,40.7274,-73.9921,B02512
453,9/1/2014 18:18:00,40.7685,-73.9849,B02512
454,9/1/2014 18:20:00,40.8027,-73.9526,B02512
455,9/1/2014 18:21:00,40.741,-73.9806,B02512
456,9/1/2014 18:22:00,40.7367,-73.9888,B02512
457,9/1/2014 18:23:00,40.7583,-73.9751,B02512
458,9/1/2014 18:24:00,40.7372,-73.9885,B02512
459,9/1/2014 18:25:00,40.7988,-73.9694,B02512
460,9/1/2014 18:26:00,40.7721,-73.9522,B02512
461,9/1/2014 18:26:00,40.7426,-73.9979,B02512
462,9/1/2014 18:26:00,40.7421,-73.9967,B02512
463,9/1/2014 18:28:00,40.7894,-73.9672,B02512
464,9/1/2014 18:30:00,40.7641,-73.9704,B02512
465,9/1/2014 18:34:00,40.741,-73.9813,B02512
466,9/1/2014 18:36:00,40.7726,-73.9775,B02512
467,9/1/2014 18:40:00,40.7634,-73.9742,B02512
468,9/1/2014 18:40:00,40.7708,-73.9627,B02512
469,9/1/2014 18:44:00,40.69,-73.9774,B02512
470,9/1/2014 18:45:00,40.7229,-73.959,B02512
471,9/1/2014 18:47:00,40.769,-73.9815,B02512
472,9/1/2014 18:51:00,40.726,-73.9918,B02512
473,9/1/2014 18:52:00,40.7488,-73.9855,B02512
474,9/1/2014 18:54:00,40.751,-73.9822,B02512
475,9/1/2014 18:55:00,40.7482,-74.0056,B02512
476,9/1/2014 18:59:00,40.6447,-73.7822,B02512
477,9/1/2014 18:59:00,40.758,-73.9839,B02512
478,9/1/2014 19:00:00,40.7433,-73.918,B02512
479,9/1/2014 19:05:00,40.7453,-73.9769,B02512
480,9/1/2014 19:05:00,40.7406,-73.9983,B02512
481,9/1/2014 19:05:00,40.7224,-73.9873,B02512
482,9/1/2014 19:07:00,40.6448,-73.7818,B02512
483,9/1/2014 19:07:00,40.734,-74.0049,B02512
484,9/1/2014 19:08:00,40.6942,-73.9059,B02512
485,9/1/2014 19:08:00,41.0628,-73.7103,B02512
486,9/1/2014 19:11:00,40.7386,-73.9975,B02512
487,9/1/2014 19:13:00,40.6921,-73.9936,B02512
488,9/1/2014 19:17:00,40.731,-73.9798,B02512
489,9/1/2014 19:19:00,40.7172,-74.0127,B02512
490,9/1/2014 19:21:00,40.7211,-74.0054,B02512
491,9/1/2014 19:21:00,40.6739,-73.801,B02512
492,9/1/2014 19:24:00,40.6463,-73.7769,B02512
493,9/1/2014 19:27:00,40.7739,-73.8723,B02512
494,9/1/2014 19:28:00,40.6875,-73.99,B02512
495,9/1/2014 19:31:00,40.756,-73.9965,B02512
496,9/1/2014 19:33:00,40.7499,-74.0036,B02512
497,9/1/2014 19:33:00,40.6446,-73.7823,B02512
498,9/1/2014 19:34:00,40.7612,-73.9891,B02512
499,9/1/2014 19:35:00,40.6947,-74.1777,B02512
500,9/1/2014 19:35:00,40.6947,-74.1777,B02512
501,9/1/2014 19:37:00,40.7328,-74.0025,B02512
502,9/1/2014 19:40:00,40.7357,-73.9564,B02512
503,9/1/2014 19:42:00,40.805,-73.9387,B02512
504,9/1/2014 19:43:00,40.7442,-73.9716,B02512
505,9/1/2014 19:45:00,40.751,-73.9754,B02512
506,9/1/2014 19:46:00,40.771,-73.9835,B02512
507,9/1/2014 19:49:00,40.7514,-73.9764,B02512
508,9/1/2014 19:51:00,40.7683,-73.8622,B02512
509,9/1/2014 19:51:00,40.72,-73.988,B02512
510,9/1/2014 19:51:00,40.7683,-73.8622,B02512
511,9/1/2014 19:56:00,40.7514,-73.9938,B02512
512,9/1/2014 19:57:00,40.6974,-73.993,B02512
513,9/1/2014 20:02:00,40.8078,-73.9642,B02512
514,9/1/2014 20:04:00,40.7429,-74.0076,B02512
515,9/1/2014 20:05:00,40.6447,-73.782,B02512
516,9/1/2014 20:07:00,40.732,-73.9506,B02512
517,9/1/2014 20:08:00,40.7339,-73.9982,B02512
518,9/1/2014 20:08:00,40.7395,-73.9827,B02512
519,9/1/2014 20:08:00,40.7219,-73.9582,B02512
520,9/1/2014 20:09:00,40.642,-73.7887,B02512
521,9/1/2014 20:09:00,40.7304,-73.9822,B02512
522,9/1/2014 20:11:00,40.6831,-73.9812,B02512
523,9/1/2014 20:19:00,40.6486,-73.7827,B02512
524,9/1/2014 20:20:00,40.7215,-74.0022,B02512
525,9/1/2014 20:21:00,40.7169,-73.9424,B02512
526,9/1/2014 20:25:00,40.7369,-74.0037,B02512
527,9/1/2014 20:29:00,40.8051,-73.9393,B02512
528,9/1/2014 20:34:00,40.7071,-74.0054,B02512
529,9/1/2014 20:35:00,40.7398,-73.9856,B02512
530,9/1/2014 20:36:00,40.6484,-73.7827,B02512
531,9/1/2014 20:37:00,40.5774,-73.9633,B02512
532,9/1/2014 20:37:00,40.7157,-74.0062,B02512
533,9/1/2014 20:37:00,40.7199,-74.0103,B02512
534,9/1/2014 20:37:00,40.7024,-73.9898,B02512
535,9/1/2014 20:38:00,40.7064,-73.91,B02512
536,9/1/2014 20:38:00,40.7343,-73.8554,B02512
537,9/1/2014 20:44:00,40.7457,-74.0056,B02512
538,9/1/2014 20:45:00,40.7156,-74.0063,B02512
539,9/1/2014 20:45:00,40.7304,-74.0069,B02512
540,9/1/2014 20:47:00,40.7087,-73.9227,B02512
541,9/1/2014 20:48:00,40.7451,-73.9771,B02512
542,9/1/2014 20:49:00,40.8367,-73.5435,B02512
543,9/1/2014 20:53:00,40.7404,-73.9877,B02512
544,9/1/2014 20:54:00,40.7107,-74.005,B02512
545,9/1/2014 20:55:00,40.7503,-73.9944,B02512
546,9/1/2014 20:56:00,40.7353,-74.0019,B02512
547,9/1/2014 20:58:00,40.7219,-73.958,B02512
548,9/1/2014 20:59:00,40.7497,-73.9778,B02512
549,9/1/2014 20:59:00,40.7448,-73.8436,B02512
550,9/1/2014 20:59:00,40.7863,-73.9487,B02512
551,9/1/2014 21:00:00,40.7353,-74.002,B02512
552,9/1/2014 21:01:00,40.7178,-73.9522,B02512
553,9/1/2014 21:02:00,40.7739,-73.8726,B02512
554,9/1/2014 21:02:00,40.7739,-73.8726,B02512
555,9/1/2014 21:03:00,40.7225,-73.9977,B02512
556,9/1/2014 21:04:00,40.6915,-74.1771,B02512
557,9/1/2014 21:04:00,40.6915,-74.1771,B02512
558,9/1/2014 21:04:00,40.7519,-73.9864,B02512
559,9/1/2014 21:05:00,40.7092,-74.0111,B02512
560,9/1/2014 21:08:00,40.7715,-73.9873,B02512
561,9/1/2014 21:11:00,40.7644,-73.9882,B02512
562,9/1/2014 21:11:00,40.7166,-73.9901,B02512
563,9/1/2014 21:16:00,40.7072,-73.8353,B02512
564,9/1/2014 21:16:00,40.7448,-73.9567,B02512
565,9/1/2014 21:17:00,40.7425,-74.0002,B02512
566,9/1/2014 21:19:00,40.7225,-73.9592,B02512
567,9/1/2014 21:20:00,40.6953,-74.1772,B02512
568,9/1/2014 21:21:00,40.6467,-73.7778,B02512
569,9/1/2014 21:24:00,40.7249,-73.9815,B02512
570,9/1/2014 21:25:00,40.6769,-73.9507,B02512
571,9/1/2014 21:31:00,40.7465,-73.9936,B02512
572,9/1/2014 21:31:00,40.8802,-74.24,B02512
573,9/1/2014 21:32:00,40.7588,-73.9709,B02512
574,9/1/2014 21:34:00,40.7376,-74.0053,B02512
575,9/1/2014 21:34:00,40.7717,-73.8713,B02512
576,9/1/2014 21:36:00,40.7712,-73.866,B02512
577,9/1/2014 21:36:00,40.7939,-73.9423,B02512
578,9/1/2014 21:37:00,40.7208,-73.9832,B02512
579,9/1/2014 21:40:00,40.7658,-73.9633,B02512
580,9/1/2014 21:42:00,40.7448,-73.8436,B02512
581,9/1/2014 21:42:00,40.7448,-73.8436,B02512
582,9/1/2014 21:43:00,40.7335,-73.9954,B02512
583,9/1/2014 21:43:00,40.7335,-73.9954,B02512
584,9/1/2014 21:45:00,40.7389,-74.0026,B02512
585,9/1/2014 21:50:00,40.7577,-73.9906,B02512
586,9/1/2014 21:52:00,40.7204,-73.9871,B02512
587,9/1/2014 21:53:00,40.7205,-73.994,B02512
588,9/1/2014 21:56:00,40.7264,-74.0021,B02512
589,9/1/2014 21:56:00,40.6397,-73.9425,B02512
590,9/1/2014 21:58:00,40.7745,-73.9823,B02512
591,9/1/2014 22:07:00,40.75,-73.9771,B02512
592,9/1/2014 22:07:00,40.7855,-73.972,B02512
593,9/1/2014 22:07:00,40.7855,-73.972,B02512
594,9/1/2014 22:07:00,40.7235,-74.0028,B02512
595,9/1/2014 22:14:00,40.7687,-73.8628,B02512
596,9/1/2014 22:15:00,40.7643,-73.977,B02512
597,9/1/2014 22:15:00,40.7237,-74.0026,B02512
598,9/1/2014 22:17:00,40.8073,-73.9484,B02512
599,9/1/2014 22:19:00,40.7432,-74.0075,B02512
600,9/1/2014 22:20:00,40.6456,-73.7767,B02512
601,9/1/2014 22:20:00,40.7557,-73.9872,B02512
602,9/1/2014 22:21:00,40.7481,-73.9569,B02512
603,9/1/2014 22:22:00,40.7706,-73.9507,B02512
604,9/1/2014 22:22:00,40.7706,-73.9507,B02512
605,9/1/2014 22:22:00,40.7706,-73.9021,B02512
606,9/1/2014 22:24:00,40.7224,-74.0429,B02512
607,9/1/2014 22:26:00,40.6447,-73.7822,B02512
608,9/1/2014 22:27:00,40.7339,-74.0052,B02512
609,9/1/2014 22:27:00,40.7028,-73.9908,B02512
610,9/1/2014 22:31:00,40.7333,-73.9598,B02512
611,9/1/2014 22:36:00,40.6879,-74.1831,B02512
612,9/1/2014 22:38:00,40.6448,-73.7819,B02512
613,9/1/2014 22:38:00,40.7039,-73.9197,B02512
614,9/1/2014 22:41:00,40.6448,-73.782,B02512
615,9/1/2014 22:46:00,40.7346,-73.9999,B02512
616,9/1/2014 22:47:00,40.6485,-73.7844,B02512
617,9/1/2014 22:51:00,40.7198,-74.0001,B02512
618,9/1/2014 22:52:00,40.7655,-73.9875,B02512
619,9/1/2014 22:52:00,40.7533,-73.9888,B02512
620,9/1/2014 23:02:00,40.7534,-73.9667,B02512
621,9/1/2014 23:03:00,40.7692,-73.9827,B02512
622,9/1/2014 23:04:00,40.7398,-74.0063,B02512
623,9/1/2014 23:05:00,40.688,-74.1828,B02512
624,9/1/2014 23:05:00,40.688,-74.1828,B02512
625,9/1/2014 23:12:00,40.6878,-74.1816,B02512
626,9/1/2014 23:17:00,40.7197,-73.9623,B02512
627,9/1/2014 23:22:00,40.7215,-73.9886,B02512
628,9/1/2014 23:26:00,40.6878,-74.1816,B02512
629,9/1/2014 23:29:00,40.6879,-74.1813,B02512
630,9/1/2014 23:30:00,40.7415,-74.0038,B02512
631,9/1/2014 23:37:00,40.6448,-73.7824,B02512
632,9/1/2014 23:37:00,40.6443,-73.7821,B02512
633,9/1/2014 23:38:00,40.6449,-73.7819,B02512
634,9/1/2014 23:40:00,40.7038,-73.9246,B02512
635,9/1/2014 23:44:00,40.799,-73.9363,B02512
636,9/1/2014 23:46:00,40.5757,-73.981,B02512
637,9/1/2014 23:57:00,40.7771,-73.9521,B02512
638,9/2/2014 0:02:00,40.695,-74.1779,B02512
639,9/2/2014 0:02:00,40.6938,-73.938,B02512
640,9/2/2014 0:08:00,40.7549,-73.9842,B02512
641,9/2/2014 0:21:00,40.7055,-73.9284,B02512
642,9/2/2014 0:27:00,40.7446,-73.9992,B02512
643,9/2/2014 0:31:00,40.7405,-74.0441,B02512
644,9/2/2014 0:36:00,40.686,-73.988,B02512
645,9/2/2014 0:44:00,40.7631,-73.9808,B02512
646,9/2/2014 0:45:00,40.7494,-73.9923,B02512
647,9/2/2014 0:56:00,40.6335,-73.9518,B02512
648,9/2/2014 1:00:00,40.7337,-74.0064,B02512
649,9/2/2014 1:24:00,40.6744,-73.9624,B02512
650,9/2/2014 1:28:00,40.7288,-73.99,B02512
651,9/2/2014 1:52:00,40.7378,-73.9976,B02512
652,9/2/2014 1:58:00,40.6448,-73.7813,B02512
653,9/2/2014 3:12:00,40.761,-73.9852,B02512
654,9/2/2014 3:17:00,40.7898,-73.9759,B02512
655,9/2/2014 3:20:00,40.7232,-73.9824,B02512
656,9/2/2014 3:23:00,40.7632,-73.9569,B02512
657,9/2/2014 3:34:00,40.8237,-73.9545,B02512
658,9/2/2014 3:36:00,40.7483,-73.9742,B02512
659,9/2/2014 3:36:00,40.6687,-73.7247,B02512
660,9/2/2014 3:47:00,40.7648,-73.9882,B02512
661,9/2/2014 3:52:00,40.7526,-73.9744,B02512
662,9/2/2014 3:57:00,40.7287,-73.9904,B02512
663,9/2/2014 4:02:00,40.7477,-74.0375,B02512
664,9/2/2014 4:10:00,40.6459,-73.7767,B02512
665,9/2/2014 4:10:00,40.7722,-73.9467,B02512
666,9/2/2014 4:13:00,40.7626,-74.0214,B02512
667,9/2/2014 4:15:00,40.711,-73.9432,B02512
668,9/2/2014 4:16:00,40.6468,-73.7776,B02512
669,9/2/2014 4:17:00,40.7493,-73.9791,B02512
670,9/2/2014 4:18:00,40.7726,-73.9861,B02512
671,9/2/2014 4:20:00,40.695,-74.1782,B02512
672,9/2/2014 4:25:00,40.7514,-74.0034,B02512
673,9/2/2014 4:27:00,40.6614,-73.8037,B02512
674,9/2/2014 4:27:00,40.6804,-73.9297,B02512
675,9/2/2014 4:31:00,40.6448,-73.782,B02512
676,9/2/2014 4:31:00,40.7475,-73.9722,B02512
677,9/2/2014 4:36:00,40.6461,-73.7768,B02512
678,9/2/2014 4:43:00,40.655,-73.74,B02512
679,9/2/2014 4:46:00,40.7829,-73.9479,B02512
680,9/2/2014 4:49:00,40.7611,-73.9998,B02512
681,9/2/2014 4:52:00,40.7824,-73.9767,B02512
682,9/2/2014 4:55:00,40.7237,-73.9835,B02512
683,9/2/2014 4:57:00,40.8221,-74.3143,B02512
684,9/2/2014 5:00:00,40.6447,-73.7824,B02512
685,9/2/2014 5:01:00,40.8267,-73.9513,B02512
686,9/2/2014 5:01:00,40.6878,-74.1816,B02512
687,9/2/2014 5:01:00,40.6737,-73.9568,B02512
688,9/2/2014 5:03:00,40.7899,-73.9732,B02512
689,9/2/2014 5:03:00,40.779,-73.9541,B02512
690,9/2/2014 5:08:00,40.6446,-73.7822,B02512
691,9/2/2014 5:08:00,40.7506,-74.0317,B02512
692,9/2/2014 5:10:00,40.7739,-73.9815,B02512
693,9/2/2014 5:10:00,40.7506,-73.9745,B02512
694,9/2/2014 5:16:00,40.7205,-73.9849,B02512
695,9/2/2014 5:18:00,40.8021,-73.9683,B02512
696,9/2/2014 5:19:00,40.6448,-73.7821,B02512
697,9/2/2014 5:24:00,40.6445,-73.783,B02512
698,9/2/2014 5:25:00,40.6912,-73.9537,B02512
699,9/2/2014 5:33:00,40.7626,-73.9934,B02512
700,9/2/2014 5:33:00,40.6758,-73.9299,B02512
701,9/2/2014 5:34:00,40.7232,-74.0026,B02512
702,9/2/2014 5:37:00,40.7745,-73.9456,B02512
703,9/2/2014 5:40:00,40.7859,-73.97,B02512
704,9/2/2014 5:45:00,40.7482,-73.9772,B02512
705,9/2/2014 5:50:00,40.7502,-73.989,B02512
706,9/2/2014 5:51:00,40.7401,-73.992,B02512
707,9/2/2014 5:52:00,40.746,-74.0003,B02512
708,9/2/2014 5:56:00,40.7744,-73.9773,B02512
709,9/2/2014 5:58:00,40.7313,-74.0102,B02512
710,9/2/2014 5:58:00,40.7743,-73.9869,B02512
711,9/2/2014 5:59:00,40.7447,-73.9568,B02512
712,9/2/2014 6:00:00,40.7778,-73.9509,B02512
713,9/2/2014 6:01:00,40.6873,-73.9792,B02512
714,9/2/2014 6:02:00,40.7956,-73.9364,B02512
715,9/2/2014 6:03:00,40.6447,-73.782,B02512
716,9/2/2014 6:04:00,40.7709,-73.9834,B02512
717,9/2/2014 6:06:00,40.774,-73.8721,B02512
718,9/2/2014 6:11:00,40.7194,-73.9989,B02512
719,9/2/2014 6:11:00,40.7849,-73.9484,B02512
720,9/2/2014 6:12:00,40.8054,-73.9677,B02512
721,9/2/2014 6:12:00,40.6952,-74.1801,B02512
722,9/2/2014 6:13:00,40.7716,-73.9561,B02512
723,9/2/2014 6:15:00,40.7256,-74.0048,B02512
724,9/2/2014 6:18:00,40.7942,-73.9763,B02512
725,9/2/2014 6:19:00,40.7508,-73.9739,B02512
726,9/2/2014 6:21:00,40.7229,-73.9835,B02512
727,9/2/2014 6:23:00,40.735,-73.989,B02512
728,9/2/2014 6:26:00,40.7382,-74.0086,B02512
729,9/2/2014 6:27:00,40.7219,-74.0077,B02512
730,9/2/2014 6:27:00,40.7204,-73.9965,B02512
731,9/2/2014 6:28:00,40.764,-73.985,B02512
732,9/2/2014 6:30:00,40.7314,-73.9869,B02512
733,9/2/2014 6:30:00,40.7523,-73.9779,B02512
734,9/2/2014 6:30:00,40.7784,-73.9852,B02512
735,9/2/2014 6:35:00,40.7767,-73.9851,B02512
736,9/2/2014 6:35:00,40.7692,-73.983,B02512
737,9/2/2014 6:38:00,40.6449,-73.7822,B02512
738,9/2/2014 6:39:00,40.6742,-73.8016,B02512
739,9/2/2014 6:39:00,40.7716,-73.9827,B02512
740,9/2/2014 6:48:00,40.6417,-74.0178,B02512
741,9/2/2014 6:48:00,40.7461,-74.0398,B02512
742,9/2/2014 6:48:00,40.7444,-73.9803,B02512
743,9/2/2014 6:49:00,40.7789,-73.9601,B02512
744,9/2/2014 6:50:00,40.7476,-73.9564,B02512
745,9/2/2014 6:50:00,40.7205,-74.0062,B02512
746,9/2/2014 6:52:00,40.7773,-73.9619,B02512
747,9/2/2014 6:53:00,40.719,-73.9833,B02512
748,9/2/2014 6:54:00,40.7895,-73.9784,B02512
749,9/2/2014 6:56:00,40.7143,-73.9878,B02512
750,9/2/2014 6:56:00,40.688,-73.9854,B02512
751,9/2/2014 6:56:00,40.7274,-73.992,B02512
752,9/2/2014 6:58:00,40.7264,-73.9894,B02512
753,9/2/2014 6:59:00,40.7579,-73.9612,B02512
754,9/2/2014 7:01:00,40.7247,-73.9917,B02512
755,9/2/2014 7:01:00,40.7784,-73.9789,B02512
756,9/2/2014 7:03:00,40.7374,-73.9794,B02512
757,9/2/2014 7:04:00,40.7548,-73.9976,B02512
758,9/2/2014 7:05:00,40.741,-73.9923,B02512
759,9/2/2014 7:05:00,40.7766,-73.8446,B02512
760,9/2/2014 7:06:00,40.7796,-73.9066,B02512
761,9/2/2014 7:08:00,40.7723,-73.9789,B02512
762,9/2/2014 7:08:00,40.7492,-73.9943,B02512
763,9/2/2014 7:10:00,40.7366,-73.9907,B02512
764,9/2/2014 7:12:00,40.7677,-73.9927,B02512
765,9/2/2014 7:14:00,40.7411,-74.0376,B02512
766,9/2/2014 7:16:00,40.7447,-73.9911,B02512
767,9/2/2014 7:18:00,40.7427,-73.9545,B02512
768,9/2/2014 7:18:00,40.7592,-73.9945,B02512
769,9/2/2014 7:19:00,40.7339,-73.9983,B02512
770,9/2/2014 7:23:00,40.7848,-73.9522,B02512
771,9/2/2014 7:23:00,40.7334,-73.9853,B02512
772,9/2/2014 7:23:00,40.7774,-73.9808,B02512
773,9/2/2014 7:24:00,40.7773,-73.9563,B02512
774,9/2/2014 7:25:00,40.7085,-74.0022,B02512
775,9/2/2014 7:25:00,40.7605,-74.0029,B02512
776,9/2/2014 7:25:00,40.8175,-74.2185,B02512
777,9/2/2014 7:26:00,40.7707,-73.8655,B02512
778,9/2/2014 7:26:00,40.7357,-74.0028,B02512
779,9/2/2014 7:27:00,40.6872,-73.9486,B02512
780,9/2/2014 7:28:00,40.7496,-73.9917,B02512
781,9/2/2014 7:28:00,40.7256,-73.9777,B02512
782,9/2/2014 7:29:00,40.7276,-73.9927,B02512
783,9/2/2014 7:30:00,40.7533,-73.8898,B02512
784,9/2/2014 7:31:00,40.6834,-73.9608,B02512
785,9/2/2014 7:31:00,40.7388,-74.0091,B02512
786,9/2/2014 7:33:00,40.7695,-73.9558,B02512
787,9/2/2014 7:35:00,40.77,-73.9633,B02512
788,9/2/2014 7:36:00,40.7174,-74.0082,B02512
789,9/2/2014 7:37:00,40.7238,-73.9833,B02512
790,9/2/2014 7:39:00,40.8018,-73.9677,B02512
791,9/2/2014 7:42:00,40.7337,-73.9977,B02512
792,9/2/2014 7:42:00,40.6893,-73.9849,B02512
793,9/2/2014 7:43:00,40.7466,-73.9833,B02512
794,9/2/2014 7:43:00,40.7631,-73.9716,B02512
795,9/2/2014 7:43:00,40.7351,-74.1645,B02512
796,9/2/2014 7:44:00,40.7784,-73.9583,B02512
797,9/2/2014 7:44:00,40.7703,-73.9512,B02512
798,9/2/2014 7:45:00,40.6127,-73.9396,B02512
799,9/2/2014 7:46:00,40.7382,-74.0024,B02512
800,9/2/2014 7:48:00,40.6752,-73.9656,B02512
801,9/2/2014 7:50:00,40.7845,-73.9736,B02512
802,9/2/2014 7:51:00,40.7546,-73.9696,B02512
803,9/2/2014 7:54:00,40.7566,-73.9612,B02512
804,9/2/2014 7:54:00,40.7684,-73.8626,B02512
805,9/2/2014 7:55:00,40.728,-73.986,B02512
806,9/2/2014 7:55:00,40.7585,-73.9655,B02512
807,9/2/2014 7:57:00,40.7737,-73.9488,B02512
808,9/2/2014 7:58:00,40.7387,-73.9834,B02512
809,9/2/2014 7:58:00,40.7537,-73.9645,B02512
810,9/2/2014 7:59:00,40.6911,-73.9695,B02512
811,9/2/2014 8:00:00,40.7169,-74.0149,B02512
812,9/2/2014 8:00:00,40.7622,-73.9585,B02512
813,9/2/2014 8:01:00,40.7376,-74.0309,B02512
814,9/2/2014 8:01:00,40.744,-74.0063,B02512
815,9/2/2014 8:02:00,40.8009,-73.9289,B02512
816,9/2/2014 8:03:00,40.7427,-73.9492,B02512
817,9/2/2014 8:05:00,40.7692,-73.9689,B02512
818,9/2/2014 8:05:00,40.6459,-73.7767,B02512
819,9/2/2014 8:06:00,40.7616,-73.9998,B02512
820,9/2/2014 8:06:00,40.7655,-73.9836,B02512
821,9/2/2014 8:07:00,40.7737,-73.9634,B02512
822,9/2/2014 8:08:00,40.7809,-73.9588,B02512
823,9/2/2014 8:09:00,40.7228,-74.0089,B02512
824,9/2/2014 8:10:00,40.664,-73.9808,B02512
825,9/2/2014 8:10:00,40.7238,-74.0003,B02512
826,9/2/2014 8:13:00,40.7678,-73.9531,B02512
827,9/2/2014 8:13:00,40.7982,-73.9599,B02512
828,9/2/2014 8:14:00,40.6848,-73.9634,B02512
829,9/2/2014 8:16:00,40.7326,-73.9813,B02512
830,9/2/2014 8:17:00,40.7289,-73.9843,B02512
831,9/2/2014 8:18:00,40.7793,-73.9609,B02512
832,9/2/2014 8:18:00,40.725,-73.9883,B02512
833,9/2/2014 8:20:00,40.7731,-73.9461,B02512
834,9/2/2014 8:20:00,40.7357,-73.9968,B02512
835,9/2/2014 8:21:00,40.6374,-73.9586,B02512
836,9/2/2014 8:21:00,40.7149,-74.0165,B02512
837,9/2/2014 8:22:00,40.766,-74.0335,B02512
838,9/2/2014 8:22:00,40.7596,-73.9621,B02512
839,9/2/2014 8:22:00,40.7686,-73.8626,B02512
840,9/2/2014 8:23:00,40.7236,-73.9823,B02512
841,9/2/2014 8:25:00,40.7197,-73.9877,B02512
842,9/2/2014 8:27:00,40.7341,-74.0096,B02512
843,9/2/2014 8:27:00,40.6404,-73.7117,B02512
844,9/2/2014 8:27:00,40.6404,-73.7117,B02512
845,9/2/2014 8:31:00,40.7303,-73.9939,B02512
846,9/2/2014 8:31:00,40.7653,-73.9615,B02512
847,9/2/2014 8:31:00,40.7225,-74.0105,B02512
848,9/2/2014 8:32:00,40.7768,-73.9449,B02512
849,9/2/2014 8:33:00,40.7741,-73.9571,B02512
850,9/2/2014 8:34:00,40.7269,-73.9958,B02512
851,9/2/2014 8:36:00,40.7458,-74.0054,B02512
852,9/2/2014 8:36:00,40.735,-73.989,B02512
853,9/2/2014 8:36:00,40.7666,-73.9781,B02512
854,9/2/2014 8:39:00,40.7303,-73.9874,B02512
855,9/2/2014 8:39:00,40.6645,-73.9328,B02512
856,9/2/2014 8:40:00,40.7488,-73.9836,B02512
857,9/2/2014 8:40:00,40.7694,-73.9598,B02512
858,9/2/2014 8:40:00,40.7763,-73.9479,B02512
859,9/2/2014 8:41:00,40.6862,-73.9912,B02512
860,9/2/2014 8:43:00,40.7174,-73.9519,B02512
861,9/2/2014 8:44:00,40.667,-73.8605,B02512
862,9/2/2014 8:44:00,40.7459,-73.9919,B02512
863,9/2/2014 8:45:00,40.7204,-74.0035,B02512
864,9/2/2014 8:46:00,40.7237,-74.0108,B02512
865,9/2/2014 8:47:00,40.7636,-73.9961,B02512
866,9/2/2014 8:48:00,40.7857,-73.9692,B02512
867,9/2/2014 8:50:00,40.749,-73.9798,B02512
868,9/2/2014 8:50:00,40.7361,-73.9939,B02512
869,9/2/2014 8:50:00,40.7709,-73.9615,B02512
870,9/2/2014 8:51:00,40.7698,-73.9899,B02512
871,9/2/2014 8:51:00,40.724,-73.9967,B02512
872,9/2/2014 8:51:00,40.7367,-73.9887,B02512
873,9/2/2014 8:54:00,40.6992,-73.8373,B02512
874,9/2/2014 8:57:00,40.7506,-73.9924,B02512
875,9/2/2014 8:58:00,40.7232,-74.0049,B02512
876,9/2/2014 9:01:00,40.7187,-74.0088,B02512
877,9/2/2014 9:01:00,40.7262,-74.0093,B02512
878,9/2/2014 9:01:00,40.7493,-73.9762,B02512
879,9/2/2014 9:03:00,40.751,-73.9908,B02512
880,9/2/2014 9:05:00,40.7756,-73.9809,B02512
881,9/2/2014 9:07:00,40.6967,-73.9831,B02512
882,9/2/2014 9:08:00,40.7752,-73.9595,B02512
883,9/2/2014 9:09:00,40.7234,-73.9948,B02512
884,9/2/2014 9:10:00,40.7241,-73.9788,B02512
885,9/2/2014 9:11:00,40.7252,-74.0107,B02512
886,9/2/2014 9:13:00,40.7701,-73.9667,B02512
887,9/2/2014 9:13:00,40.7232,-73.9954,B02512
888,9/2/2014 9:13:00,40.7575,-73.9741,B02512
889,9/2/2014 9:13:00,40.7887,-73.9422,B02512
890,9/2/2014 9:14:00,40.7513,-73.9939,B02512
891,9/2/2014 9:15:00,40.7773,-73.9753,B02512
892,9/2/2014 9:17:00,40.7407,-74.0008,B02512
893,9/2/2014 9:17:00,40.7588,-73.986,B02512
894,9/2/2014 9:20:00,40.7579,-73.9645,B02512
895,9/2/2014 9:22:00,40.774,-73.8719,B02512
896,9/2/2014 9:23:00,40.7266,-74.0073,B02512
897,9/2/2014 9:23:00,40.7652,-73.9795,B02512
898,9/2/2014 9:24:00,40.7618,-73.9851,B02512
899,9/2/2014 9:24:00,40.7186,-74.0081,B02512
900,9/2/2014 9:26:00,40.7302,-73.9865,B02512
901,9/2/2014 9:26:00,40.7732,-73.9589,B02512
902,9/2/2014 9:27:00,40.77,-73.8648,B02512
903,9/2/2014 9:28:00,40.7706,-73.8653,B02512
904,9/2/2014 9:32:00,40.6045,-73.9633,B02512
905,9/2/2014 9:34:00,40.7806,-73.9611,B02512
906,9/2/2014 9:39:00,40.7224,-74.0036,B02512
907,9/2/2014 9:40:00,40.7748,-73.9633,B02512
908,9/2/2014 9:40:00,40.7256,-74.0042,B02512
909,9/2/2014 9:42:00,40.7569,-73.9677,B02512
910,9/2/2014 9:43:00,40.7244,-73.9892,B02512
911,9/2/2014 9:43:00,40.78,-73.961,B02512
912,9/2/2014 9:44:00,40.7665,-73.9525,B02512
913,9/2/2014 9:45:00,40.7217,-73.9995,B02512
914,9/2/2014 9:45:00,40.7555,-73.97,B02512
915,9/2/2014 9:46:00,40.7741,-73.8725,B02512
916,9/2/2014 9:49:00,40.7414,-73.9939,B02512
917,9/2/2014 9:51:00,40.7831,-73.9571,B02512
918,9/2/2014 9:52:00,40.7584,-73.9711,B02512
919,9/2/2014 9:52:00,40.7543,-73.9694,B02512
920,9/2/2014 9:56:00,40.6916,-73.9844,B02512
921,9/2/2014 9:56:00,40.7728,-73.9626,B02512
922,9/2/2014 9:57:00,40.7306,-74.0091,B02512
923,9/2/2014 9:58:00,40.7583,-73.9841,B02512
924,9/2/2014 9:59:00,40.7237,-73.997,B02512
925,9/2/2014 9:59:00,40.7623,-73.9721,B02512
926,9/2/2014 10:01:00,40.7599,-73.9734,B02512
927,9/2/2014 10:02:00,40.7686,-73.8625,B02512
928,9/2/2014 10:04:00,40.7643,-73.9739,B02512
929,9/2/2014 10:04:00,40.7643,-73.9739,B02512
930,9/2/2014 10:04:00,40.7803,-73.9088,B02512
931,9/2/2014 10:04:00,40.7397,-73.9911,B02512
932,9/2/2014 10:05:00,40.7736,-73.9451,B02512
933,9/2/2014 10:06:00,40.7115,-74.0156,B02512
934,9/2/2014 10:11:00,40.7386,-73.9834,B02512
935,9/2/2014 10:14:00,40.7741,-73.9005,B02512
936,9/2/2014 10:14:00,40.7741,-73.9005,B02512
937,9/2/2014 10:16:00,40.7249,-73.9788,B02512
938,9/2/2014 10:17:00,40.77,-73.9633,B02512
939,9/2/2014 10:18:00,40.7655,-73.97,B02512
940,9/2/2014 10:19:00,40.7435,-73.9997,B02512
941,9/2/2014 10:19:00,40.7277,-73.9913,B02512
942,9/2/2014 10:20:00,40.8092,-73.9211,B02512
943,9/2/2014 10:20:00,40.7522,-73.9932,B02512
944,9/2/2014 10:22:00,40.7625,-73.9706,B02512
945,9/2/2014 10:22:00,40.7515,-73.994,B02512
946,9/2/2014 10:23:00,40.7556,-73.9764,B02512
947,9/2/2014 10:23:00,40.7513,-73.994,B02512
948,9/2/2014 10:25:00,40.7521,-73.9779,B02512
949,9/2/2014 10:25:00,40.7306,-73.9847,B02512
950,9/2/2014 10:26:00,40.6683,-73.9407,B02512
951,9/2/2014 10:26:00,40.716,-74.0035,B02512
952,9/2/2014 10:27:00,40.7591,-73.994,B02512
953,9/2/2014 10:27:00,40.7643,-73.9732,B02512
954,9/2/2014 10:31:00,40.725,-73.9973,B02512
955,9/2/2014 10:31:00,40.6932,-73.9985,B02512
956,9/2/2014 10:32:00,40.7441,-73.9856,B02512
957,9/2/2014 10:32:00,40.7592,-73.9779,B02512
958,9/2/2014 10:33:00,40.7444,-73.9855,B02512
959,9/2/2014 10:34:00,40.7014,-73.8413,B02512
960,9/2/2014 10:35:00,40.6447,-73.7823,B02512
961,9/2/2014 10:37:00,40.7492,-73.9842,B02512
962,9/2/2014 10:37:00,40.7503,-73.9789,B02512
963,9/2/2014 10:40:00,40.9272,-73.8352,B02512
964,9/2/2014 10:40:00,40.7564,-73.9746,B02512
965,9/2/2014 10:41:00,40.7693,-73.8866,B02512
966,9/2/2014 10:41:00,40.755,-74.0001,B02512
967,9/2/2014 10:41:00,40.7693,-73.9516,B02512
968,9/2/2014 10:42:00,40.7433,-73.989,B02512
969,9/2/2014 10:42:00,40.7705,-73.8656,B02512
970,9/2/2014 10:42:00,40.7259,-74.0088,B02512
971,9/2/2014 10:45:00,40.7342,-74.0035,B02512
972,9/2/2014 10:48:00,40.7166,-73.9971,B02512
973,9/2/2014 10:51:00,40.7457,-73.9876,B02512
974,9/2/2014 10:52:00,40.7217,-74.0043,B02512
975,9/2/2014 10:53:00,40.7749,-73.9076,B02512
976,9/2/2014 10:53:00,40.7269,-74.0074,B02512
977,9/2/2014 10:54:00,40.7388,-73.9787,B02512
978,9/2/2014 10:56:00,40.7225,-74.0068,B02512
979,9/2/2014 10:56:00,40.6346,-74.0255,B02512
980,9/2/2014 10:56:00,40.6877,-74.1823,B02512
981,9/2/2014 10:56:00,40.7888,-73.9705,B02512
982,9/2/2014 10:57:00,40.7489,-73.9718,B02512
983,9/2/2014 10:57:00,40.6733,-73.9335,B02512
984,9/2/2014 11:00:00,40.7715,-73.9636,B02512
985,9/2/2014 11:02:00,40.7279,-73.9931,B02512
986,9/2/2014 11:03:00,40.688,-74.1828,B02512
987,9/2/2014 11:03:00,40.7549,-73.9938,B02512
988,9/2/2014 11:04:00,40.7062,-74.0091,B02512
989,9/2/2014 11:07:00,40.7874,-73.9741,B02512
990,9/2/2014 11:07:00,40.8402,-73.9431,B02512
991,9/2/2014 11:08:00,40.7631,-73.9774,B02512
992,9/2/2014 11:08:00,40.7675,-73.9811,B02512
993,9/2/2014 11:09:00,40.7122,-74.0099,B02512
994,9/2/2014 11:09:00,40.707,-73.9237,B02512
995,9/2/2014 11:11:00,40.7381,-73.9878,B02512
996,9/2/2014 11:14:00,40.7848,-73.956,B02512
997,9/2/2014 11:14:00,40.7848,-73.956,B02512
998,9/2/2014 11:17:00,40.7741,-73.9608,B02512
999,9/2/2014 11:18:00,40.741,-73.7579,B02512
